week,code,business,intent,title_zh,title_en,slug,status
1,T-A2,trade,C,外贸货款追收全流程：从催款函到仲裁裁决,International Debt Collection: From Demand Letter to Arbitral Award,trade-export-debt-collection-process,done
1,R-A2,recovery,C,律师函 vs 诉讼：哪种方式更适合你的欠款？,Demand Letter vs Lawsuit: Which Works for Your Debt,recovery-demand-letter-vs-lawsuit,done
1,L-A2,legacy,T,中国公民在海外去世，遗产如何处理？,Chinese Citizen Dies Abroad: Handling the Estate,legacy-chinese-citizen-dies-abroad,done
1,R-C20,recovery,T,中国判决在美国/加拿大如何执行？,Enforcing Chinese Judgments in the US and Canada,recovery-enforce-chinese-judgment-us-canada,done
2,T-A1,trade,T,海外客户拖欠货款怎么办？律师教你5步合法追收,What to Do When an Overseas Buyer Won't Pay: A 5-Step Legal Guide,trade-payment-recovery-5-steps,done
2,R-A1,recovery,T,欠款追收的黄金时间：为什么越早行动越有利,The Golden Window for Debt Recovery: Act Early,recovery-debt-collection-golden-window,done
2,L-A3,legacy,T,海外亲属去世，国内继承人如何办理继承？,Relative Dies Abroad: How Heirs in China Claim,legacy-relative-dies-abroad-china-heirs,done
2,R-B11,recovery,T,如何查到债务人在海外的资产？,How to Locate a Debtor's Overseas Assets,recovery-locate-debtor-overseas-assets,done
3,T-B9,trade,C,国际买卖合同审查清单：10个必改条款,International Sales Contract Review: 10 Clauses You Must Check,trade-contract-review-10-clauses,done
3,R-C22,recovery,C,仲裁裁决跨境执行：纽约公约实务指南,Enforcing Arbitral Awards: The New York Convention,recovery-enforce-arbitral-award-new-york-convention,done
3,L-B11,legacy,T,海外房产继承：美国/加拿大/澳洲房产如何过户？,"Inheriting Overseas Property: US, Canada, Australia",legacy-inheriting-overseas-property-us-canada-australia,done
3,R-D29,recovery,I,商业欺诈的常见类型：合同/投资/出口骗局,"Types of Commercial Fraud: Contracts, Investments, Exports",recovery-types-of-commercial-fraud-contracts-investments-exports,done
4,T-B10,trade,C,管辖条款与法律适用条款怎么谈才不吃亏？,Jurisdiction & Governing Law Clauses: How to Negotiate,trade-jurisdiction-governing-law-clauses-how-to-negotiate,done
4,R-C19,recovery,T,赢了官司拿不到钱？执行难的破解思路,Won the Case but No Money? Enforcement Strategies,recovery-won-the-case-but-no-money-enforcement-strategies,done
4,L-C20,legacy,T,中国公司股权继承：海外继承人如何办理？,Foreign Heirs Inheriting China Company Shares,legacy-foreign-heirs-inheriting-china-company-shares,done
4,L-A1,legacy,C,跨境继承的基本流程：从死亡证明到遗产过户,Cross-Border Inheritance: From Death Certificate to Transfer,legacy-cross-border-inheritance-from-death-certificate-to-transfer,done
5,T-C17,trade,T,工厂延期交货，买家如何索赔？,Supplier Late Delivery: Buyer's Legal Remedies,trade-supplier-late-delivery-buyer-s-legal-remedies,done
5,R-B13,recovery,C,中国境内资产调查：股权/房产/存款怎么查,"Investigating Assets Inside China: Equity, Property, Deposits",recovery-investigating-assets-inside-china-equity-property-deposits,done
5,L-D27,legacy,T,在海外立遗嘱，能覆盖中国境内的遗产吗？,Making a Will Abroad: Does It Cover China Assets?,legacy-making-a-will-abroad-does-it-cover-china-assets,done
5,T-F41,trade,T,被诈骗后第一时间的取证与止付动作,First 24 Hours After Trade Fraud: Evidence and Freezing,trade-first-24-hours-after-trade-fraud-evidence-and-freezing,done
6,T-E31,trade,T,货代扣单、扣货，货主如何维权？,Freight Forwarder Withholding Cargo: Legal Remedies,trade-freight-forwarder-withholding-cargo-legal-remedies,done
6,R-B12,recovery,C,美国房产/银行账户调查的合法途径,Legal Ways to Find US Real Estate and Bank Accounts,recovery-legal-ways-to-find-us-real-estate-and-bank-accounts,done
6,L-D30,legacy,T,如何制定一份「跨境有效」的遗嘱？,Drafting a Cross-Border-Valid Will: Key Elements,legacy-drafting-a-cross-border-valid-will-key-elements,done
6,R-A5,recovery,T,欠款超过诉讼时效还能追吗？,Expired Limitation Period: Can You Still Collect?,recovery-expired-limitation-period-can-you-still-collect,done
7,T-G42,trade,T,美国客户拖欠货款：从催收到诉讼的全流程,Collecting from US Buyers: From Demand to Lawsuit,trade-collecting-from-us-buyers-from-demand-to-lawsuit,done
7,R-C21,recovery,T,美国判决在中国法院申请承认与执行,Enforcing US Judgments in Chinese Courts,recovery-enforcing-us-judgments-in-chinese-courts,done
7,L-C19,legacy,C,海外公司的股权继承：从章程到股东变更,Inheriting Shares in an Overseas Company,legacy-inheriting-shares-in-an-overseas-company,done
7,R-B15,recovery,C,债务人用离岸公司、信托藏匿资产怎么查？,Offshore Companies and Trusts: Uncovering Hidden Assets,recovery-offshore-companies-and-trusts-uncovering-hidden-assets,done
8,T-F38,trade,T,收到「假客户」邮件被骗定金，钱能追回吗？,Business Email Compromise: Recovering Funds After Fraud,trade-business-email-compromise-recovering-funds-after-fraud,done
8,R-B18,recovery,T,查到资产后的保全动作：冻结令与禁止令,Freezing Injunctions and Asset Preservation Orders,recovery-freezing-injunctions-and-asset-preservation-orders,done
8,L-E35,legacy,T,海外亲属失联多年：如何确认其生死与遗产？,Missing Relative Abroad: Locating Person and Estate,legacy-missing-relative-abroad-locating-person-and-estate,pending
8,T-A6,trade,I,海外客户破产了，货款还能要回来吗？,Buyer Bankruptcy: Can You Still Recover Your Export Debt?,trade-buyer-bankruptcy-can-you-still-recover-your-export-debt,pending
9,T-C18,trade,C,货物质量不合格：拒收还是索赔？,Defective Goods: Rejection vs Damages,trade-defective-goods-rejection-vs-damages,pending
9,R-A4,recovery,C,债务人失联、跑路的6个应对策略,Debtor Vanished? 6 Strategies to Find and Recover,recovery-debtor-vanished-6-strategies-to-find-and-recover,pending
9,L-B12,legacy,T,中国房产由海外继承人继承：流程与税费,Foreign Heirs Inheriting China Property: Process and Tax,legacy-foreign-heirs-inheriting-china-property-process-and-tax,pending
9,R-D30,recovery,C,遭遇海外投资诈骗如何维权？,Investment Fraud Abroad: Legal Recourse for Victims,recovery-investment-fraud-abroad-legal-recourse-for-victims,done
10,T-D24,trade,T,海外经销商拖欠货款：如何终止合作并追款？,Terminating a Delinquent Distributor: Legal Steps,trade-terminating-a-delinquent-distributor-legal-steps,done
10,R-C23,recovery,C,新加坡/香港仲裁裁决在内地的执行,Enforcing HK and Singapore Awards in Mainland China,recovery-enforcing-hk-and-singapore-awards-in-mainland-china,pending
10,L-B13,legacy,T,父母在国内的房产，海外子女如何继承？,Overseas Children Inheriting Parents' Property in China,legacy-overseas-children-inheriting-parents-property-in-china,pending
10,T-B14,trade,C,跨境电商平台（亚马逊/速卖通）商家合同纠纷处理,Platform Seller Disputes: Amazon & AliExpress Legal Issues,trade-platform-seller-disputes-amazon-aliexpress-legal-issues,done
11,T-B13,trade,T,INCOTERMS 2020 实务：FOB/CIF/DDP 选错要赔钱,INCOTERMS 2020: Choosing the Right Term,trade-incoterms-2020-choosing-the-right-term,pending
11,R-A10,recovery,C,老赖在国外怎么办：跨境追收策略总览,Cross-Border Collection Playbook: Debtor Abroad,recovery-cross-border-collection-playbook-debtor-abroad,pending
11,L-D28,legacy,C,中国立遗嘱 vs 海外立遗嘱：效力与冲突,China Wills vs Foreign Wills: Validity and Conflicts,legacy-china-wills-vs-foreign-wills-validity-and-conflicts,pending
11,T-A5,trade,T,T/T 30%定金模式的风险与合同保护条款设计,T/T Deposit Payments: Contract Clauses That Protect Exporters,trade-t-t-deposit-payments-contract-clauses-that-protect-exporters,pending
12,T-G45,trade,C,东南亚（越南/印尼/泰国）供应商纠纷处理实务,Supplier Disputes in Southeast Asia: Practical Guide,trade-supplier-disputes-in-southeast-asia-practical-guide,pending
12,R-A8,recovery,C,债务人转移资产逃债，如何撤销与追回？,Fraudulent Transfers: Setting Aside Asset Transfers,recovery-fraudulent-transfers-setting-aside-asset-transfers,pending
12,L-E37,legacy,C,家庭成员争夺遗产：调解、诉讼与和解,"Family Inheritance Disputes: Mediation, Litigation, Settlement",legacy-family-inheritance-disputes-mediation-litigation-settlement,pending
12,R-B16,recovery,I,资产调查的10个信息源（财产登记/诉讼记录）,10 Asset Investigation Sources: Registries and Records,recovery-10-asset-investigation-sources-registries-and-records,pending
13,T-B11,trade,T,独家代理协议 vs 经销协议：如何选择与规避风险,Exclusive Agency vs Distribution: Which to Choose,trade-exclusive-agency-vs-distribution-which-to-choose,pending
13,R-A9,recovery,C,协商还款协议的法律要点（分期/担保/抵押）,Drafting Settlement Agreements: Installments and Guarantees,recovery-drafting-settlement-agreements-installments-and-guarantees,pending
13,L-A4,legacy,C,继承法 vs 遗产所在地法：跨境继承适用哪国法律？,Which Law Applies? Inheritance Conflicts of Law,legacy-which-law-applies-inheritance-conflicts-of-law,pending
13,T-C19,trade,C,OEM/ODM工厂偷偷贴牌卖你的产品怎么办？,OEM Factory Sells Your Product Under Its Own Brand,trade-oem-factory-sells-your-product-under-its-own-brand,pending
14,T-D25,trade,C,被经销商抢注商标、抢走客户怎么办？,Distributor Registered Your Trademark: Recovery Strategies,trade-distributor-registered-your-trademark-recovery-strategies,pending
14,R-C24,recovery,I,判决承认与执行的时效和程序要点,Recognition and Enforcement: Time Limits and Procedure,recovery-recognition-and-enforcement-time-limits-and-procedure,pending
14,L-B14,legacy,C,房产继承中的夫妻共同财产分割,Marital vs Separate Property in Estate Division,legacy-marital-vs-separate-property-in-estate-division,pending
14,R-E37,recovery,C,诉讼、仲裁还是调解：跨境纠纷怎么选？,"Litigation, Arbitration or Mediation: Choosing the Path",recovery-litigation-arbitration-or-mediation-choosing-the-path,pending
15,T-G43,trade,C,欧盟客户付款延迟：如何利用当地法律快速追收,EU Buyer Non-Payment: Fast-Track Collection,trade-eu-buyer-non-payment-fast-track-collection,pending
15,R-C25,recovery,C,执行异议与执行不能：如何应对债务人阻挠,Judgment Debtor Obstruction: Set-Aside and Stay,recovery-judgment-debtor-obstruction-set-aside-and-stay,pending
15,L-D29,legacy,C,遗嘱被质疑无效的常见原因,Why Wills Get Challenged: Common Grounds,legacy-why-wills-get-challenged-common-grounds,pending
15,T-A3,trade,C,客户收到货后拒不付款，怎么证明对方违约？,Non-Payment After Delivery: Proving Breach in Cross-Border Sales,trade-non-payment-after-delivery-proving-breach-in-cross-border-sales,pending
16,R-D31,recovery,C,伪造公章、伪造签名的合同效力问题,Forged Seals and Signatures: Contract Validity,recovery-forged-seals-and-signatures-contract-validity,pending
16,L-C21,legacy,C,创始人去世，公司股权由谁接管？,Founder Dies: Succession of Company Control,legacy-founder-dies-succession-of-company-control,pending
16,T-G44,trade,C,中东贸易纠纷：仲裁还是诉讼？（迪拜/沙特）,Disputes in the Middle East: Arbitration vs Litigation,trade-disputes-in-the-middle-east-arbitration-vs-litigation,pending
16,R-C26,recovery,I,申请破产清算 vs 追收：债权人如何选择？,Bankruptcy vs Collection: Creditor's Choice,recovery-bankruptcy-vs-collection-creditor-s-choice,pending
17,T-F36,trade,I,国际贸易诈骗的10种常见套路（货代诈骗/钓鱼邮件）,10 Common International Trade Scams and How to Spot Them,trade-10-common-international-trade-scams-and-how-to-spot-them,done
17,R-D32,recovery,C,跨境电商欺诈：拒收、拒付与恶意退款,"E-Commerce Fraud: Chargebacks, Refusals and Abuse",recovery-e-commerce-fraud-chargebacks-refusals-and-abuse,pending
17,L-A6,legacy,I,无人继承的遗产如何处理？,Unclaimed Estates: When No Heir Steps Forward,legacy-unclaimed-estates-when-no-heir-steps-forward,pending
17,T-A7,trade,C,出口信用保险理赔被拒，如何与保险公司博弈,Export Credit Insurance Claim Denied? How to Fight Back,trade-export-credit-insurance-claim-denied-how-to-fight-back,pending
18,R-A3,recovery,T,小额欠款（5万以下）如何低成本追收？,Low-Cost Collection for Small Debts,recovery-low-cost-collection-for-small-debts,pending
18,T-A8,trade,I,客户拖延付款的5个常见借口与法律应对,Common Excuses for Late Payment and Legal Responses,trade-common-excuses-for-late-payment-and-legal-responses,done
18,L-E36,legacy,C,失联继承人的查找与公告程序,Locating Missing Heirs: Search and Notice Procedures,legacy-locating-missing-heirs-search-and-notice-procedures,pending
18,R-A6,recovery,I,追债公司 vs 律师：为什么建议选择律师,Collection Agencies vs Lawyers: Why Legal Counsel Wins,recovery-collection-agencies-vs-lawyers-why-legal-counsel-wins,done
19,T-G46,trade,C,与俄罗斯/独联体客户交易的合同与收款风险,Trading with Russia & CIS: Contract and Payment Risks,trade-trading-with-russia-cis-contract-and-payment-risks,pending
19,R-E40,recovery,I,法院诉讼与商事仲裁的费用与周期对比,Cost and Timeline: Court Litigation vs Arbitration,recovery-cost-and-timeline-court-litigation-vs-arbitration,pending
19,L-A5,legacy,I,遗嘱认证（Probate）是什么？海外继承必懂,What Is Probate? A Guide for Cross-Border Heirs,legacy-what-is-probate-a-guide-for-cross-border-heirs,pending
19,T-E30,trade,C,货物滞留海关被销毁，损失谁承担？,Goods Held or Destroyed by Customs: Who Bears the Loss?,trade-goods-held-or-destroyed-by-customs-who-bears-the-loss,pending
20,R-B14,recovery,I,如何用公开渠道做海外背景调查？,Open-Source Intelligence (OSINT) for Debtor Checks,recovery-open-source-intelligence-osint-for-debtor-checks,pending
20,L-C22,legacy,C,股权继承中的其他股东优先购买权,Right of First Refusal: Co-Shareholders in Inheritance,legacy-right-of-first-refusal-co-shareholders-in-inheritance,pending
20,T-E32,trade,C,无单放货（提单被冒领），如何向承运人索赔？,Delivery Without Bill of Lading: Carrier Liability,trade-delivery-without-bill-of-lading-carrier-liability,pending
20,R-F45,recovery,C,出口企业应收账款管理：从源头减少坏账,Receivables Management for Exporters: Preventing Bad Debt,recovery-receivables-management-for-exporters-preventing-bad-debt,pending
21,R-A7,recovery,I,海外欠款的诉讼时效：各国规定一览,Statute of Limitations for Debt Collection by Country,recovery-statute-of-limitations-for-debt-collection-by-country,pending
21,T-B12,trade,C,订单取消或变更：合同处理与索赔要点,Order Cancellations & Change Orders: Contract Remedies,trade-order-cancellations-change-orders-contract-remedies,pending
21,L-E41,legacy,T,遗产被他人侵占、挪用如何追回？,Estate Assets Misappropriated: Recovery Claims,legacy-estate-assets-misappropriated-recovery-claims,pending
21,R-D33,recovery,I,欺诈案件：刑事报案与民事追偿如何并行？,Parallel Proceedings: Criminal Complaints and Civil Claims,recovery-parallel-proceedings-criminal-complaints-and-civil-claims,pending
22,T-C20,trade,C,供应商把订单转包给第三方出了问题谁负责？,Supplier Outsources Your Order: Who Is Liable?,trade-supplier-outsources-your-order-who-is-liable,pending
22,L-D31,legacy,C,遗嘱信托：给未成年子女的资产保护,Testamentary Trusts: Protecting Assets for Minors,legacy-testamentary-trusts-protecting-assets-for-minors,pending
22,R-F46,recovery,C,国际工程款追收的实务路径,International Construction Payment Disputes: Recovery Strategies,recovery-international-construction-payment-disputes-recovery-strategies,done
22,T-D26,trade,C,独家经销协议中的最低采购量与区域限制条款,Minimum Purchase & Territorial Restrictions in Distribution,trade-minimum-purchase-territorial-restrictions-in-distribution,pending
23,L-A7,legacy,I,跨境继承中的继承人顺序差异（中国 vs 普通法）,Intestacy Rules Compared: China vs Common Law,legacy-intestacy-rules-compared-china-vs-common-law,pending
23,T-G48,trade,C,香港公司作为中间商的合同风险与追收,Hong Kong Trading Companies: Contract and Collection Risks,trade-hong-kong-trading-companies-contract-and-collection-risks,pending
23,R-E42,recovery,I,诉讼保险（Legal Expense Insurance）实务,Legal Expense Insurance: What It Covers,recovery-legal-expense-insurance-what-it-covers,done
23,L-D32,legacy,I,生前安排：赠与、保险与信托的传承对比,Lifetime Gifting vs Insurance vs Trusts: A Comparison,legacy-lifetime-gifting-vs-insurance-vs-trusts-a-comparison,pending
24,T-B15,trade,I,电子合同与电子邮件往来的证据效力,Are Emails and E-Signatures Enforceable in Trade Disputes?,trade-are-emails-and-e-signatures-enforceable-in-trade-disputes,pending
24,R-C27,recovery,I,海外执行中，律师费能让债务人承担吗？,Can the Debtor Pay Your Legal Costs? Cost-Shifting,recovery-can-the-debtor-pay-your-legal-costs-cost-shifting,done
24,L-E39,legacy,I,继子女、非婚生子女的继承权利,Inheritance Rights of Stepchildren and Non-Marital Children,legacy-inheritance-rights-of-stepchildren-and-non-marital-children,pending
24,T-D28,trade,C,终止经销协议需要了解的当地法律（美国/欧盟/中东）,Terminating Distribution Agreements: Local Law Risks,trade-terminating-distribution-agreements-local-law-risks,pending
25,R-B17,recovery,I,私家侦探 vs 律师调查：合法性与证据效力,Private Investigators vs Lawyers: Admissibility,recovery-private-investigators-vs-lawyers-admissibility,done
25,L-C23,legacy,C,家族企业传承规划：如何避免下一代内斗？,Family Business Succession: Avoiding Sibling Wars,legacy-family-business-succession-avoiding-sibling-wars,pending
25,T-G49,trade,I,新加坡商事争议解决：诉讼、仲裁与调解,Commercial Disputes in Singapore: Options Compared,trade-commercial-disputes-in-singapore-options-compared,pending
25,R-E43,recovery,I,跨境案件的证据开示（Discovery）与保密义务,Cross-Border Discovery and Confidentiality,recovery-cross-border-discovery-and-confidentiality,pending
26,L-E40,legacy,C,兄弟姐妹反目：遗产分割的诉讼策略,Sibling Feuds: Litigating Estate Division,legacy-sibling-feuds-litigating-estate-division,pending
26,T-E33,trade,I,货损货差索赔：P&I保赔与货主保险实务,Cargo Damage Claims: P&I Clubs and Cargo Insurance,trade-cargo-damage-claims-p-i-clubs-and-cargo-insurance,pending
26,R-E44,recovery,C,判决前的财产保全：各国冻结令实务,Pre-Judgment Attachments: Country-by-Country Guide,recovery-pre-judgment-attachments-country-by-country-guide,pending
26,L-B15,legacy,T,海外房产被他人擅自出售怎么办？,Property Sold Without Authorization: Recovery Steps,legacy-property-sold-without-authorization-recovery-steps,pending
27,L-D33,legacy,C,跨国家庭的遗产税规划（美国/英国/加拿大）,Estate Tax Planning for Cross-Border Families,legacy-estate-tax-planning-for-cross-border-families,pending
27,T-C21,trade,T,验货不合格但货已上船，如何止损？,"Failed Inspection, Goods Shipped: How to Cut Losses",trade-failed-inspection-goods-shipped-how-to-cut-losses,pending
27,L-E42,legacy,I,公证遗嘱 vs 自书遗嘱：哪种更保险？,Notarized vs Holographic Wills: Which Is Safer?,legacy-notarized-vs-holographic-wills-which-is-safer,pending
28,L-F43,legacy,C,跨境继承要交哪些税？（遗产税/赠与税/资本利得）,"Taxes on Cross-Border Inheritance: Estate, Gift, Gains",legacy-taxes-on-cross-border-inheritance-estate-gift-gains,pending
28,T-G50,trade,I,跨境交易中的文化差异与谈判策略,Cultural Differences in Cross-Border Negotiation,trade-cultural-differences-in-cross-border-negotiation,pending
28,R-F48,recovery,C,澳大利亚/新西兰债务追收实务,Debt Recovery in Australia and New Zealand,recovery-debt-recovery-in-australia-and-new-zealand,pending
28,L-D34,legacy,C,再婚家庭的继承安排与法律保护,Blended Families: Inheritance Planning and Protections,legacy-blended-families-inheritance-planning-and-protections,pending
29,T-C22,trade,I,供应商跑路前的6个预警信号,6 Warning Signs Your Supplier Is About to Disappear,trade-6-warning-signs-your-supplier-is-about-to-disappear,pending
29,R-F47,recovery,C,美国小企业欠款追收：州法院路径,Collecting from US Small Businesses: State Court Paths,recovery-collecting-from-us-small-businesses-state-court-paths,pending
29,L-F44,legacy,T,美国遗产税对非居民外国人的影响,US Estate Tax for Non-Resident Aliens: What to Know,legacy-us-estate-tax-for-non-resident-aliens-what-to-know,pending
29,T-C23,trade,C,采购合同中的质量保证条款与索赔时效,Warranty Clauses and Limitation Periods in Purchase Contracts,trade-warranty-clauses-and-limitation-periods-in-purchase-contracts,pending
30,R-C28,recovery,C,执行和解：以物抵债与债务重组的法律操作,Enforcement Settlements: Asset-for-Debt Restructuring,recovery-enforcement-settlements-asset-for-debt-restructuring,pending
30,L-B16,legacy,C,房产代持与继承：代持人去世后的产权归属,Nominee Holdings: Who Owns the Property After Death,legacy-nominee-holdings-who-owns-the-property-after-death,pending
30,T-E34,trade,I,海关查验产生的费用与延误，能向谁索赔？,Customs Inspection Delays: Who Pays?,trade-customs-inspection-delays-who-pays,pending
30,R-D34,recovery,C,公司高管挪用资金、关联交易侵占：股东如何追责？,Executive Misappropriation: Shareholder Remedies,recovery-executive-misappropriation-shareholder-remedies,pending
31,T-F39,trade,I,尼日利亚/中东「国家采购骗局」识别指南,Government Procurement Scams: Red Flags,trade-government-procurement-scams-red-flags,pending
31,L-C24,legacy,I,海外信托在家族传承中的作用,Trusts in Family Wealth Transfer: Benefits and Risks,legacy-trusts-in-family-wealth-transfer-benefits-and-risks,pending
31,T-G47,trade,I,非洲市场：信用证结算与信用证诈骗防范,African Markets: LC Settlement and Fraud Prevention,trade-african-markets-lc-settlement-and-fraud-prevention,pending
31,R-E38,recovery,T,如何设计「对我方有利」的争议解决条款？,Drafting Dispute Resolution Clauses in Your Favor,recovery-drafting-dispute-resolution-clauses-in-your-favor,pending
32,L-A8,legacy,I,遗产管理人/遗嘱执行人的职责与选择,Choosing an Executor or Estate Administrator,legacy-choosing-an-executor-or-estate-administrator,pending
32,T-F40,trade,C,如何调查海外公司的真实背景与资信？,How to Verify an Overseas Company's Credibility,trade-how-to-verify-an-overseas-company-s-credibility,pending
32,R-F50,recovery,T,追收案件的证据准备清单：从合同到聊天记录,Evidence Checklist for Collection Cases,recovery-evidence-checklist-for-collection-cases,pending
32,L-B17,legacy,I,遗产房还有抵押贷款：继承还是放弃？,Inheriting Mortgaged Property: Accept or Renounce?,legacy-inheriting-mortgaged-property-accept-or-renounce,pending
33,T-D29,trade,I,佣金纠纷：海外中介与业务员讨要佣金怎么办,Commission Disputes with Overseas Sales Agents,trade-commission-disputes-with-overseas-sales-agents,pending
33,L-B18,legacy,C,多位继承人共同继承房产：如何分割与出售？,Co-Inheriting Property: Partition and Sale Options,legacy-co-inheriting-property-partition-and-sale-options,pending
33,R-E39,recovery,I,跨境诉讼中证人证言的取证规则,Taking Evidence Across Borders: Witness Testimony Rules,recovery-taking-evidence-across-borders-witness-testimony-rules,pending
33,T-F37,trade,C,客户伪造提单、质检报告，如何识别与追责？,Forged Trade Documents: Detection and Liability,trade-forged-trade-documents-detection-and-liability,pending
34,L-F45,legacy,I,加拿大/英国/澳洲的遗产税与继承税简介,"Inheritance Taxes in Canada, UK and Australia",legacy-inheritance-taxes-in-canada-uk-and-australia,pending
34,T-A4,trade,C,信用证（L/C）结算被拒付，出口商如何维权？,Letter of Credit Dishonor: Legal Remedies for Exporters,trade-letter-of-credit-dishonor-legal-remedies-for-exporters,pending
34,R-F49,recovery,C,中东地区执行判决的现实与替代方案,Enforcing Judgments in the Middle East: Realities,recovery-enforcing-judgments-in-the-middle-east-realities,pending
34,L-A9,legacy,C,跨境继承需要公证哪些文件？,Notarization and Apostille for Cross-Border Inheritance,legacy-notarization-and-apostille-for-cross-border-inheritance,pending
35,L-F46,legacy,C,移民身份变化对遗产规划的影响,Immigration Status and Estate Planning: Key Interactions,legacy-immigration-status-and-estate-planning-key-interactions,pending
35,T-B16,trade,C,违约金条款怎么约定，才能在外国法院站得住？,Drafting Penalty Clauses That Survive Foreign Courts,trade-drafting-penalty-clauses-that-survive-foreign-courts,pending
35,L-C25,legacy,C,股权代持与继承纠纷,Inheriting Beneficially-Owned (Nominee) Shares,legacy-inheriting-beneficially-owned-nominee-shares,pending
35,R-D35,recovery,T,海外项目被骗的止损：证据保全与资金追踪,Stopping the Bleeding: Freezing Funds After Fraud,recovery-stopping-the-bleeding-freezing-funds-after-fraud,pending
36,L-A10,legacy,I,继承纠纷的诉讼时效与主张期限,Time Limits for Contesting Estates: Don't Miss the Deadline,legacy-time-limits-for-contesting-estates-don-t-miss-the-deadline,pending
36,R-D36,recovery,I,为什么聪明人也会被骗：受害者的决策陷阱,Avoiding Scam Psychology: Decision Traps for Victims,recovery-avoiding-scam-psychology-decision-traps-for-victims,pending
36,T-D27,trade,I,经销商欠款，能否追索其母公司？,Piercing the Corporate Veil: Chasing the Parent Company,trade-piercing-the-corporate-veil-chasing-the-parent-company,pending
37,L-C26,legacy,I,企业经营贷款与遗产债务的清偿顺序,Estate Debts: Business Loans and Creditor Claims,legacy-estate-debts-business-loans-and-creditor-claims,pending
37,T-E35,trade,C,危险品出口被查扣的法律应对,Dangerous Goods Seizure: Legal Response for Exporters,trade-dangerous-goods-seizure-legal-response-for-exporters,pending
37,L-E38,legacy,C,遗嘱受益人之间的纠纷如何解决？,Beneficiary Disputes: Resolving Claims to the Estate,legacy-beneficiary-disputes-resolving-claims-to-the-estate,pending
38,R-E41,recovery,I,第三方资助（Third-Party Funding）能否用于你的案件？,Third-Party Funding: Financing Your Claim,recovery-third-party-funding-financing-your-claim,pending
38,L-F47,legacy,T,外汇管制下如何合法转移继承款？,Transferring Inherited Funds Across Borders: Compliance,legacy-transferring-inherited-funds-across-borders-compliance,pending
38,L-F48,legacy,C,继承款汇回中国：税务申报与合规,Reporting Inherited Funds in China: Tax Compliance,legacy-reporting-inherited-funds-in-china-tax-compliance,pending
39,L-F49,legacy,C,海外资产未申报的后果与补救（CRS/FATCA）,"Undeclared Overseas Assets: CRS, FATCA and Remedies",legacy-undeclared-overseas-assets-crs-fatca-and-remedies,pending
40,L-F50,legacy,C,高净值家庭的全球资产传承架构,Global Estate Structures for High-Net-Worth Families,legacy-global-estate-structures-for-high-net-worth-families,pending
42,gap,legacy,C,继承时效,Inheritance Limitation Periods: Don't Miss the Deadline,topic-041,done
43,gap,,,test,,test,pending
44,R-F52,recovery,I,事務律師 vs 大律師：跨境案件该找谁？,Solicitor vs Barrister: Who Handles Your Cross-Border Case?,recovery-what-is-a-solicitor-vs-barrister-cross-border,done
45,gap,recovery,I,事务律师：跨国案件中的角色与如何选择,Solicitor in Cross-Border Cases: Role and How to Choose,recovery-solicitor-role-cross-border-how-to-choose,done
